{
    "providers": [
        {
            "type": "bitmap",
            "file": "minecraft:item/forge_module.png",
            "ascent": 12,
            "height": 16,
            "chars": [
                "▣"
            ]
        },
        {
            "type": "bitmap",
            "file": "minecraft:item/locked_module.png",
            "ascent": 12,
            "height": 16,
            "chars": [
                "⏁"
            ]
        },
        {
            "type": "bitmap",
            "file": "minecraft:item/nebula_module.png",
            "ascent": 12,
            "height": 16,
            "chars": [
                "⮳"
            ]
        },
        {
            "type": "bitmap",
            "file": "minecraft:item/rush_module.png",
            "ascent": 12,
            "height": 16,
            "chars": [
                "⮬"
            ]
        },
        {
            "type": "bitmap",
            "file": "minecraft:item/scorch_module.png",
            "ascent": 12,
            "height": 16,
            "chars": [
                "⸪"
            ]
        },
        {
            "type": "bitmap",
            "file": "minecraft:item/torrent_module.png",
            "ascent": 12,
            "height": 16,
            "chars": [
                "✯"
            ]
        }
    ]
}