{
    "providers": [
        {
            "type": "bitmap",
            "file": "minecraft:item/forge_module.png",
            "ascent": 12,
            "height": 16,
            "chars": [
                "\u25a3"
            ]
        },
        {
            "type": "bitmap",
            "file": "minecraft:item/locked_module.png",
            "ascent": 12,
            "height": 16,
            "chars": [
                "\u23c1"
            ]
        },
        {
            "type": "bitmap",
            "file": "minecraft:item/nebula_module.png",
            "ascent": 12,
            "height": 16,
            "chars": [
                "\u2bb3"
            ]
        },
        {
            "type": "bitmap",
            "file": "minecraft:item/rush_module.png",
            "ascent": 12,
            "height": 16,
            "chars": [
                "\u2bac"
            ]
        },
        {
            "type": "bitmap",
            "file": "minecraft:item/scorch_module.png",
            "ascent": 12,
            "height": 16,
            "chars": [
                "\u2e2a"
            ]
        },
        {
            "type": "bitmap",
            "file": "minecraft:item/torrent_module.png",
            "ascent": 12,
            "height": 16,
            "chars": [
                "\u272f"
            ]
        }
    ]
}