{
  "parent": "minecraft:item/handheld",
  "textures": {
    "layer0": "minecraft:item/netherite_sword"
  },
  "overrides": [
    {
        "predicate": {
            "custom_model_data": 100
        },
        "model": "minecraft:item/nebulasword"
    },
    {
        "predicate": {
            "custom_model_data": 101
        },
        "model": "minecraft:item/timesword"
    },
    {
        "predicate": {
            "custom_model_data": 102
        },
        "model": "minecraft:item/blacksword"
    }
  ]
}
