{
    "parent": "item/generated",
    "textures": {
      "layer0": "minecraft:item/amethyst_shard"
    },
    "overrides": [
      {
        "predicate": {
          "custom_model_data": 1
        },
        "model": "minecraft:item/nebula_module"
      },
      {
        "predicate": {
          "custom_model_data": 2
        },
        "model": "minecraft:item/locked_module"
      },
      {
        "predicate": {
          "custom_model_data": 3
        },
        "model": "minecraft:item/forge_module"
      },
      {
        "predicate": {
          "custom_model_data": 4
        },
        "model": "minecraft:item/rush_module"
      },
      {
        "predicate": {
          "custom_model_data": 5
        },
        "model": "minecraft:item/scorch_module"
      },
      {
        "predicate": {
          "custom_model_data": 6
        },
        "model": "minecraft:item/torrent_module"
      }
    ]
  }
  