{
    "parent": "item/generated",
    "textures": {
      "layer0": "minecraft:item/echo_shard"
    },
    "overrides": [
      {
        "predicate": {
          "custom_model_data": 11
        },
        "model": "minecraft:item/frozen_venom"
      },
      {
        "predicate": {
          "custom_model_data": 16
        },
        "model": "minecraft:item/gilded_venom"
      },
      {
        "predicate": {
          "custom_model_data": 19
        },
        "model": "minecraft:item/explosive_venom"
      },
      {
        "predicate": {
          "custom_model_data": 20
        },
        "model": "minecraft:item/orbital_venom"
      }
    ]
  }
  